date,seasonal,trend,resid,observed,weights,rt
195801,2.354594017094016,18.730416666666677,0.41498931623930657,21.5,1.0,19.145405982905984
195802,1.6117606837606826,18.636666666666677,0.9215726495726417,21.17,1.0,19.55823931623932
195803,1.1882350427350417,18.542916666666677,0.1788482905982811,19.91,1.0,18.72176495726496
195804,0.2660747863247852,18.449166666666677,-0.7152414529914626,18.0,1.0,17.733925213675214
195805,-2.214155982905984,18.355416666666677,-0.4212606837606927,15.72,1.0,17.934155982905985
195806,-3.3149829059829066,18.261666666666677,0.3633162393162297,15.31,1.0,18.624982905982908
195807,-3.7253782051282047,18.16791666666667,0.7874615384615349,15.23,1.0,18.955378205128206
195808,-1.4914679487179485,18.07416666666667,-1.5226987179487212,15.06,1.0,16.55146794871795
195809,0.27297435897436007,17.980416666666667,0.03660897435897237,18.29,1.0,18.01702564102564
195810,1.1816794871794885,17.994166666666665,-0.1258461538461526,19.05,1.0,17.868320512820514
195811,2.0057115384615405,18.056666666666665,-0.26237820512820464,19.8,1.0,17.79428846153846
195812,1.8649551282051302,18.042916666666667,-0.46787179487179564,19.44,1.0,17.575044871794873
195901,2.354594017094016,18.082083333333333,0.13332264957265094,20.57,1.0,18.215405982905985
195902,1.6117606837606826,18.274166666666666,-0.03592735042734718,19.85,1.0,18.23823931623932
195903,1.1882350427350417,18.494999999999997,-0.7032350427350387,18.98,1.0,17.79176495726496
195904,0.2660747863247852,18.652499999999996,0.34142521367522005,19.26,1.0,18.993925213675215
195905,-2.214155982905984,18.814999999999998,-0.6408440170940128,15.96,1.0,18.174155982905987
195906,-3.3149829059829066,19.007916666666667,-0.9529337606837598,14.74,1.0,18.054982905982907
195907,-3.7253782051282047,19.0925,1.372878205128202,16.74,1.0,20.465378205128204
195908,-1.4914679487179485,19.076249999999998,0.5752179487179505,18.16,1.0,19.651467948717947
195909,0.27297435897436007,19.117916666666666,1.0991089743589724,20.49,1.0,20.21702564102564
195910,1.1816794871794885,19.117916666666666,0.33040384615384455,20.63,1.0,19.448320512820512
195911,2.0057115384615405,19.01958333333333,1.0947051282051308,22.12,1.0,20.11428846153846
195912,1.8649551282051302,19.03458333333333,0.8504615384615395,21.75,1.0,19.885044871794868
196001,2.354594017094016,19.03875,-1.1033440170940172,20.29,1.0,17.935405982905984
196002,1.6117606837606826,18.919583333333332,-0.791344017094016,19.74,1.0,18.128239316239316
196003,1.1882350427350417,18.874583333333334,0.027181623931624488,20.09,1.0,18.90176495726496
196004,0.2660747863247852,18.944166666666668,-1.0602414529914543,18.15,1.0,17.883925213675212
196005,-2.214155982905984,18.880833333333335,-1.9566773504273502,14.71,1.0,16.924155982905987
196006,-3.3149829059829066,18.694583333333334,0.970399572649574,16.35,1.0,19.664982905982907
196007,-3.7253782051282047,18.649166666666666,0.30621153846153915,15.23,1.0,18.955378205128206
196008,-1.4914679487179485,18.687083333333334,-0.38561538461538647,16.81,1.0,18.301467948717946
196009,0.27297435897436007,18.64125,1.845775641025642,20.76,1.0,20.487025641025642
196010,1.1816794871794885,18.59,2.2583205128205126,22.03,1.0,20.848320512820514
196011,2.0057115384615405,18.681666666666665,-1.487378205128206,19.2,1.0,17.19428846153846
196012,1.8649551282051302,18.692499999999995,-0.35745512820512637,20.2,1.0,18.33504487179487
196101,2.354594017094016,18.63708333333333,-0.2416773504273455,20.75,1.0,18.395405982905984
196102,1.6117606837606826,18.76208333333333,-0.18384401709401077,20.19,1.0,18.57823931623932
196103,1.1882350427350417,18.84958333333333,-1.497818376068374,18.54,1.0,17.351764957264958
196104,0.2660747863247852,18.734583333333333,-0.5306581196581195,18.47,1.0,18.203925213675213
196105,-2.214155982905984,18.710416666666667,0.09373931623931675,16.59,1.0,18.804155982905982
196106,-3.3149829059829066,18.779999999999998,-0.7350170940170906,14.73,1.0,18.044982905982906
196107,-3.7253782051282047,18.757083333333334,0.4882948717948703,15.52,1.0,19.245378205128205
196108,-1.4914679487179485,18.71125,2.3002179487179486,19.52,1.0,21.01146794871795
196109,0.27297435897436007,18.743333333333332,1.1336923076923062,20.15,1.0,19.87702564102564
196110,1.1816794871794885,18.78333333333333,-0.08501282051282089,19.88,1.0,18.698320512820512
196111,2.0057115384615405,18.707916666666662,0.056371794871796777,20.77,1.0,18.76428846153846
196112,1.8649551282051302,18.576666666666664,-0.14162179487179394,20.3,1.0,18.435044871794872
196201,2.354594017094016,18.325416666666666,-0.5800106837606802,20.1,1.0,17.745405982905986
196202,1.6117606837606826,17.989166666666666,0.13907264957264998,19.74,1.0,18.128239316239316
196203,1.1882350427350417,17.780416666666667,0.7913482905982925,19.76,1.0,18.57176495726496
196204,0.2660747863247852,17.591250000000002,0.3526752136752134,18.21,1.0,17.943925213675215
196205,-2.214155982905984,17.442083333333333,-0.18792735042734954,15.04,1.0,17.254155982905985
196206,-3.3149829059829066,17.438333333333333,-0.9933504273504252,13.13,1.0,16.444982905982908
196207,-3.7253782051282047,17.487499999999997,-2.6721217948717926,11.09,1.0,14.815378205128205
196208,-1.4914679487179485,17.520416666666666,-0.14894871794871656,15.88,1.0,17.37146794871795
196209,0.27297435897436007,17.53875,0.9682756410256408,18.78,1.0,18.507025641025642
196210,1.1816794871794885,17.565416666666668,-2.0370961538461554,16.71,1.0,15.528320512820512
196211,2.0057115384615405,17.60458333333333,0.7497051282051284,20.36,1.0,18.35428846153846
196212,1.8649551282051302,17.673333333333332,1.0817115384615388,20.62,1.0,18.755044871794873
196301,2.354594017094016,17.929166666666667,0.6762393162393177,20.96,1.0,18.605405982905985
196302,1.6117606837606826,18.265,-0.20676068376068146,19.67,1.0,18.05823931623932
196303,1.1882350427350417,18.45375,0.6280149572649585,20.27,1.0,19.08176495726496
196304,0.2660747863247852,18.70583333333333,-0.6319081196581162,18.34,1.0,18.073925213675214
196305,-2.214155982905984,18.90208333333333,-0.8379273504273463,15.85,1.0,18.064155982905984
196306,-3.3149829059829066,18.91708333333333,-1.6321004273504234,13.97,1.0,17.284982905982908
196307,-3.7253782051282047,18.91833333333333,1.1970448717948758,16.39,1.0,20.115378205128206
196308,-1.4914679487179485,18.92125,1.2102179487179485,18.64,1.0,20.131467948717948
196309,0.27297435897436007,18.901249999999997,1.3757756410256432,20.55,1.0,20.27702564102564
196310,1.1816794871794885,18.953333333333333,0.8549871794871768,20.99,1.0,19.80832051282051
196311,2.0057115384615405,19.039583333333333,-0.2552948717948742,20.79,1.0,18.78428846153846
196312,1.8649551282051302,19.034166666666668,-0.34912179487179706,20.55,1.0,18.685044871794872
196401,2.354594017094016,18.854999999999997,-0.1495940170940142,21.06,1.0,18.705405982905983
196402,1.6117606837606826,18.63125,-0.6030106837606835,19.64,1.0,18.02823931623932
196403,1.1882350427350417,18.457916666666666,0.17384829059829277,19.82,1.0,18.63176495726496
196404,0.2660747863247852,18.217916666666667,1.5560085470085465,20.04,1.0,19.773925213675213
196405,-2.214155982905984,18.005833333333335,0.42832264957264776,16.22,1.0,18.434155982905985
196406,-3.3149829059829066,17.867916666666666,-1.0829337606837588,13.47,1.0,16.784982905982908
196407,-3.7253782051282047,17.740000000000002,-1.4246217948717974,12.59,1.0,16.315378205128205
196408,-1.4914679487179485,17.667499999999997,0.8939679487179519,17.07,1.0,18.561467948717947
196409,0.27297435897436007,17.542916666666667,0.14410897435897407,17.96,1.0,17.68702564102564
196410,1.1816794871794885,17.350416666666664,-0.7120961538461523,17.82,1.0,16.638320512820513
196411,2.0057115384615405,17.292499999999997,-0.42821153846153637,18.87,1.0,16.86428846153846
196412,1.8649551282051302,17.439999999999998,-0.1449551282051278,19.16,1.0,17.29504487179487
196501,2.354594017094016,17.642916666666665,-0.6175106837606816,19.38,1.0,17.025405982905983
196502,1.6117606837606826,17.73625,0.2319893162393174,19.58,1.0,17.968239316239316
196503,1.1882350427350417,17.77583333333333,-2.0740683760683725,16.89,1.0,15.70176495726496
196504,0.2660747863247852,17.833333333333332,0.25059188034188407,18.35,1.0,18.083925213675215
196505,-2.214155982905984,17.942916666666665,0.7912393162393183,16.52,1.0,18.734155982905982
196506,-3.3149829059829066,18.047916666666666,1.9770662393162417,16.71,1.0,20.024982905982906
196507,-3.7253782051282047,18.15958333333333,-0.21420512820512494,14.22,1.0,17.945378205128204
196508,-1.4914679487179485,18.27375,0.8977179487179485,17.68,1.0,19.171467948717947
196509,0.27297435897436007,18.417083333333334,-0.3900576923076935,18.3,1.0,18.02702564102564
196510,1.1816794871794885,18.519583333333333,-0.8412628205128223,18.86,1.0,17.678320512820513
196511,2.0057115384615405,18.515,-0.060711538461540204,20.46,1.0,18.45428846153846
196512,1.8649551282051302,18.48625,-0.26120512820512864,20.09,1.0,18.22504487179487
196601,2.354594017094016,18.43875,0.3366559829059841,21.13,1.0,18.775405982905983
196602,1.6117606837606826,18.30375,0.6544893162393168,20.57,1.0,18.958239316239318
196603,1.1882350427350417,18.15958333333333,-0.007818376068372102,19.34,1.0,18.15176495726496
196604,0.2660747863247852,18.158749999999998,-0.0648247863247835,18.36,1.0,18.093925213675213
196605,-2.214155982905984,18.1875,0.4266559829059826,16.4,1.0,18.614155982905984
196606,-3.3149829059829066,18.215,1.2399829059829073,16.14,1.0,19.454982905982906
196607,-3.7253782051282047,18.185416666666665,-0.8100384615384599,13.65,1.0,17.375378205128204
196608,-1.4914679487179485,18.080416666666665,-1.5789487179487163,15.01,1.0,16.50146794871795
196609,0.27297435897436007,18.022916666666667,-0.7858910256410256,17.51,1.0,17.237025641025642
196610,1.1816794871794885,18.010416666666664,0.43790384615384625,19.63,1.0,18.448320512820512
196611,2.0057115384615405,18.076666666666668,0.2976217948717905,20.38,1.0,18.37428846153846
196612,1.8649551282051302,18.024583333333332,0.9404615384615358,20.83,1.0,18.965044871794866
196701,2.354594017094016,17.989583333333332,-0.6641773504273485,19.68,1.0,17.325405982905984
196702,1.6117606837606826,18.221666666666664,-0.3334273504273466,19.5,1.0,17.888239316239318
196703,1.1882350427350417,18.487916666666663,-0.646151709401704,19.03,1.0,17.84176495726496
196704,0.2660747863247852,18.650416666666665,-0.5464914529914491,18.37,1.0,18.103925213675215
196705,-2.214155982905984,18.675416666666667,1.5187393162393175,17.98,1.0,20.194155982905983
196706,-3.3149829059829066,18.58958333333333,-1.964600427350423,13.31,1.0,16.624982905982908
196707,-3.7253782051282047,18.517916666666665,0.8474615384615407,15.64,1.0,19.365378205128206
196708,-1.4914679487179485,18.503333333333334,1.5781346153846145,18.59,1.0,20.081467948717947
196709,0.27297435897436007,18.491666666666667,1.555358974358973,20.32,1.0,20.04702564102564
196710,1.1816794871794885,18.351666666666667,1.1866538461538438,20.72,1.0,19.538320512820512
196711,2.0057115384615405,18.002916666666664,-0.11862820512820393,19.89,1.0,17.88428846153846
196712,1.8649551282051302,17.886666666666667,-0.49162179487179536,19.26,1.0,17.395044871794873
196801,2.354594017094016,17.958333333333332,-0.7829273504273471,19.53,1.0,17.175405982905986
196802,1.6117606837606826,17.86125,-0.17301068376068018,19.3,1.0,17.68823931623932
196803,1.1882350427350417,17.6325,0.12926495726495735,18.95,1.0,17.76176495726496
196804,0.2660747863247852,17.441666666666663,-2.6177414529914484,15.09,1.0,14.823925213675214
196805,-2.214155982905984,17.499166666666667,-2.395010683760683,12.89,1.0,15.104155982905985
196806,-3.3149829059829066,17.612499999999997,1.3124829059829088,15.61,1.0,18.924982905982905
196807,-3.7253782051282047,17.675416666666663,1.1099615384615418,15.06,1.0,18.785378205128204
196808,-1.4914679487179485,17.7775,0.5539679487179485,16.84,1.0,18.331467948717947
196809,0.27297435897436007,17.876666666666665,-1.569641025641027,16.58,1.0,16.30702564102564
196810,1.1816794871794885,18.02375,0.6745705128205108,19.88,1.0,18.698320512820512
196811,2.0057115384615405,18.297916666666666,1.8063717948717932,22.11,1.0,20.10428846153846
196812,1.8649551282051302,18.403749999999995,-0.5087051282051238,19.76,1.0,17.895044871794873
196901,2.354594017094016,18.339999999999996,-0.15459401709401321,20.54,1.0,18.185405982905984
196902,1.6117606837606826,18.265833333333333,0.8624059829059827,20.74,1.0,19.128239316239316
196903,1.1882350427350417,18.325416666666666,0.37634829059829333,19.89,1.0,18.70176495726496
196904,0.2660747863247852,18.360416666666666,-0.9464914529914512,17.68,1.0,17.413925213675213
196905,-2.214155982905984,18.189999999999998,0.9041559829059853,16.88,1.0,19.09415598290598
196906,-3.3149829059829066,18.086666666666666,-0.6116837606837593,14.16,1.0,17.474982905982905
196907,-3.7253782051282047,18.058749999999996,0.6466282051282088,14.98,1.0,18.705378205128206
196908,-1.4914679487179485,17.990833333333335,-1.3593653846153855,15.14,1.0,16.631467948717948
196909,0.27297435897436007,17.91,1.5270256410256406,19.71,1.0,19.43702564102564
196910,1.1816794871794885,17.937083333333334,-1.5287628205128223,17.59,1.0,16.408320512820513
196911,2.0057115384615405,17.984583333333333,0.3197051282051251,20.31,1.0,18.30428846153846
196912,1.8649551282051302,18.057916666666664,-0.8428717948717956,19.08,1.0,17.215044871794866
197001,2.354594017094016,18.07625,0.11915598290598295,20.55,1.0,18.195405982905985
197002,1.6117606837606826,18.039583333333333,-0.551344017094014,19.1,1.0,17.48823931623932
197003,1.1882350427350417,17.959583333333335,0.44218162393162364,19.59,1.0,18.40176495726496
197004,0.2660747863247852,17.927083333333336,0.4368418803418781,18.63,1.0,18.363925213675213
197005,-2.214155982905984,17.89625,1.3879059829059859,17.07,1.0,19.284155982905986
197006,-3.3149829059829066,17.834999999999997,1.2099829059829097,15.73,1.0,19.044982905982906
197007,-3.7253782051282047,17.860833333333332,-0.28545512820512764,13.85,1.0,17.575378205128203
197008,-1.4914679487179485,17.8675,-0.9860320512820506,15.39,1.0,16.881467948717948
197009,0.27297435897436007,17.86125,-0.5942243589743592,17.54,1.0,17.26702564102564
197010,1.1816794871794885,17.738749999999996,0.05957051282051595,18.98,1.0,17.798320512820514
197011,2.0057115384615405,17.527916666666666,-1.353628205128207,18.18,1.0,16.17428846153846
197012,1.8649551282051302,17.270416666666666,0.6046282051282024,19.74,1.0,17.87504487179487
197101,2.354594017094016,17.12625,1.0291559829059866,20.51,1.0,18.155405982905986
197102,1.6117606837606826,17.177916666666665,0.5103226495726534,19.3,1.0,17.68823931623932
197103,1.1882350427350417,17.25458333333333,0.7971816239316276,19.24,1.0,18.051764957264957
197104,0.2660747863247852,17.215416666666663,-1.4414914529914487,16.04,1.0,15.773925213675215
197105,-2.214155982905984,17.16875,-0.3545940170940156,14.6,1.0,16.814155982905984
197106,-3.3149829059829066,17.175833333333333,-1.8408504273504271,12.02,1.0,15.334982905982907
197107,-3.7253782051282047,17.113333333333333,0.7120448717948711,14.1,1.0,17.825378205128203
197108,-1.4914679487179485,17.027083333333334,0.844384615384614,16.38,1.0,17.871467948717946
197109,0.27297435897436007,16.97958333333333,1.13744230769231,18.39,1.0,18.11702564102564
197110,1.1816794871794885,16.976666666666667,-0.9683461538461537,17.19,1.0,16.008320512820514
197111,2.0057115384615405,17.082083333333333,-0.23779487179487235,18.85,1.0,16.84428846153846
197112,1.8649551282051302,17.449583333333333,-0.07453846153846477,19.24,1.0,17.37504487179487
197201,2.354594017094016,17.725416666666664,-0.5700106837606786,19.51,1.0,17.155405982905986
197202,1.6117606837606826,17.72,-1.101760683760681,18.23,1.0,16.61823931623932
197203,1.1882350427350417,17.693333333333335,0.2884316239316249,19.17,1.0,17.98176495726496
197204,0.2660747863247852,17.72208333333333,-1.9481581196581164,16.04,1.0,15.773925213675215
197205,-2.214155982905984,17.81083333333333,1.5333226495726517,17.13,1.0,19.34415598290598
197206,-3.3149829059829066,17.876666666666665,3.74831623931624,18.31,1.0,21.624982905982904
197207,-3.7253782051282047,17.98625,0.16912820512820614,14.43,1.0,18.155378205128205
197208,-1.4914679487179485,18.19625,-0.7847820512820507,15.92,1.0,17.41146794871795
197209,0.27297435897436007,18.34375,-0.4067243589743592,18.21,1.0,17.93702564102564
197210,1.1816794871794885,18.562499999999996,-1.6841794871794862,18.06,1.0,16.878320512820512
197211,2.0057115384615405,18.70708333333333,-0.6027948717948708,20.11,1.0,18.10428846153846
197212,1.8649551282051302,18.54416666666667,-0.8491217948718006,19.56,1.0,17.69504487179487
197301,2.354594017094016,18.37625,1.0891559829059854,21.82,1.0,19.465405982905985
197302,1.6117606837606826,18.280833333333334,1.0674059829059845,20.96,1.0,19.34823931623932
197303,1.1882350427350417,18.22208333333333,0.5696816239316285,19.98,1.0,18.79176495726496
197304,0.2660747863247852,18.247083333333332,1.9668418803418828,20.48,1.0,20.213925213675214
197305,-2.214155982905984,18.2275,0.14665598290598503,16.16,1.0,18.374155982905982
197306,-3.3149829059829066,18.16583333333333,0.5191495726495741,15.37,1.0,18.684982905982906
197307,-3.7253782051282047,18.095416666666665,-1.0300384615384606,13.34,1.0,17.065378205128205
197308,-1.4914679487179485,17.989166666666666,-1.7776987179487167,14.72,1.0,16.21146794871795
197309,0.27297435897436007,17.884999999999998,-0.15797435897435808,18.0,1.0,17.72702564102564
197310,1.1816794871794885,17.70875,-0.020429487179485895,18.87,1.0,17.688320512820514
197311,2.0057115384615405,17.537916666666664,-0.7136282051282063,18.83,1.0,16.82428846153846
197312,1.8649551282051302,17.464166666666664,0.030878205128205494,19.36,1.0,17.495044871794867
197401,2.354594017094016,17.512499999999996,0.4629059829059865,20.33,1.0,17.975405982905983
197402,1.6117606837606826,17.663333333333334,0.624905982905982,19.9,1.0,18.288239316239316
197403,1.1882350427350417,17.740416666666665,-0.38865170940170723,18.54,1.0,17.351764957264958
197404,0.2660747863247852,17.66708333333333,-0.2431581196581145,17.69,1.0,17.423925213675215
197405,-2.214155982905984,17.5875,-0.5233440170940149,14.85,1.0,17.064155982905984
197406,-3.3149829059829066,17.577916666666667,0.6470662393162399,14.91,1.0,18.224982905982905
197407,-3.7253782051282047,17.55833333333333,1.1270448717948756,14.96,1.0,18.685378205128206
197408,-1.4914679487179485,17.545416666666668,0.6660512820512794,16.72,1.0,18.211467948717946
197409,0.27297435897436007,17.595416666666665,-0.018391025641023795,17.85,1.0,17.577025641025642
197410,1.1816794871794885,17.63083333333333,-1.5525128205128185,17.26,1.0,16.078320512820515
197411,2.0057115384615405,17.653333333333336,-1.1290448717948753,18.53,1.0,16.52428846153846
197412,1.8649551282051302,17.680416666666666,-0.1153717948717965,19.43,1.0,17.565044871794868
197501,2.354594017094016,17.566249999999997,-0.1308440170940135,19.79,1.0,17.435405982905984
197502,1.6117606837606826,17.46458333333333,1.0536559829059864,20.13,1.0,18.518239316239317
197503,1.1882350427350417,17.53625,0.7855149572649609,19.51,1.0,18.32176495726496
197504,0.2660747863247852,17.63583333333333,-0.3319081196581155,17.57,1.0,17.303925213675214
197505,-2.214155982905984,17.694166666666664,0.029989316239319663,15.51,1.0,17.724155982905984
197506,-3.3149829059829066,17.708333333333332,0.5066495726495748,14.9,1.0,18.214982905982907
197507,-3.7253782051282047,17.74041666666667,-1.7850384615384631,12.23,1.0,15.955378205128206
197508,-1.4914679487179485,17.717916666666667,0.7835512820512827,17.01,1.0,18.50146794871795
197509,0.27297435897436007,17.591250000000002,1.4157756410256388,19.28,1.0,19.007025641025642
197510,1.1816794871794885,17.482916666666668,-0.4445961538461576,18.22,1.0,17.038320512820512
197511,2.0057115384615405,17.4225,-0.45821153846154106,18.97,1.0,16.96428846153846
197512,1.8649551282051302,17.327083333333334,0.1379615384615338,19.33,1.0,17.465044871794866
197601,2.354594017094016,17.3125,0.9929059829059841,20.66,1.0,18.305405982905985
197602,1.6117606837606826,17.30625,-0.19801068376068232,18.72,1.0,17.108239316239317
197603,1.1882350427350417,17.08458333333333,-0.39281837606837366,17.88,1.0,16.691764957264958
197604,0.2660747863247852,16.89333333333333,-0.5594081196581147,16.6,1.0,16.333925213675215
197605,-2.214155982905984,16.832916666666662,0.4112393162393211,15.03,1.0,17.244155982905983
197606,-3.3149829059829066,16.801666666666662,-0.3966837606837559,13.09,1.0,16.404982905982905
197607,-3.7253782051282047,16.77375,0.6416282051282045,13.69,1.0,17.415378205128203
197608,-1.4914679487179485,16.80708333333333,0.08438461538461772,15.4,1.0,16.89146794871795
197609,0.27297435897436007,16.957916666666662,-1.660891025641022,15.57,1.0,15.297025641025641
197610,1.1816794871794885,17.07125,-0.9129294871794877,17.34,1.0,16.158320512820513
197611,2.0057115384615405,17.136666666666667,-0.7423782051282086,18.4,1.0,16.39428846153846
197612,1.8649551282051302,17.266666666666666,0.01837820512820265,19.15,1.0,17.285044871794867
197701,2.354594017094016,17.50875,0.3066559829059865,20.17,1.0,17.815405982905986
197702,1.6117606837606826,17.73708333333333,0.6611559829059881,20.01,1.0,18.39823931623932
197703,1.1882350427350417,17.93375,1.0880149572649593,20.21,1.0,19.02176495726496
197704,0.2660747863247852,18.147083333333335,-1.4231581196581213,16.99,1.0,16.723925213675212
197705,-2.214155982905984,18.306666666666665,0.11748931623932002,16.21,1.0,18.424155982905987
197706,-3.3149829059829066,18.42791666666667,-0.08293376068376235,15.03,1.0,18.344982905982906
197707,-3.7253782051282047,18.495416666666667,2.789961538461536,17.56,1.0,21.285378205128204
197708,-1.4914679487179485,18.535,-0.03353205128205006,17.01,1.0,18.50146794871795
197709,0.27297435897436007,18.526666666666664,-0.11964102564102408,18.68,1.0,18.40702564102564
197710,1.1816794871794885,18.479166666666664,-0.31084615384615133,19.35,1.0,18.168320512820515
197711,2.0057115384615405,18.384166666666665,-0.16987820512820706,20.22,1.0,18.21428846153846
197712,1.8649551282051302,18.28458333333333,0.09046153846153793,20.24,1.0,18.37504487179487
197801,2.354594017094016,18.236666666666665,0.10873931623931865,20.7,1.0,18.345405982905984
197802,1.6117606837606826,18.11875,0.6994893162393185,20.43,1.0,18.818239316239318
197803,1.1882350427350417,17.98625,0.4155149572649599,19.59,1.0,18.40176495726496
197804,0.2660747863247852,17.949166666666663,-1.7452414529914495,16.47,1.0,16.203925213675213
197805,-2.214155982905984,17.943749999999994,-1.279594017094011,14.45,1.0,16.66415598290598
197806,-3.3149829059829066,17.909166666666664,-0.1941837606837571,14.4,1.0,17.714982905982907
197807,-3.7253782051282047,17.82125,2.9441282051282047,17.04,1.0,20.765378205128204
197808,-1.4914679487179485,17.736666666666665,-1.5451987179487168,14.7,1.0,16.191467948717946
197809,0.27297435897436007,17.68375,-0.1467243589743612,17.81,1.0,17.53702564102564
197810,1.1816794871794885,17.69833333333333,0.44998717948717926,19.33,1.0,18.14832051282051
197811,2.0057115384615405,17.792499999999997,0.31178846153846207,20.11,1.0,18.10428846153846
197812,1.8649551282051302,17.817083333333333,-0.16203846153846335,19.52,1.0,17.65504487179487
197901,2.354594017094016,17.614583333333332,-0.6591773504273495,19.31,1.0,16.955405982905983
197902,1.6117606837606826,17.615416666666665,0.5628226495726518,19.79,1.0,18.178239316239317
197903,1.1882350427350417,17.763749999999995,0.008014957264964595,18.96,1.0,17.77176495726496
197904,0.2660747863247852,17.767916666666665,-0.5839914529914505,17.45,1.0,17.183925213675213
197905,-2.214155982905984,17.763749999999998,0.1804059829059863,15.73,1.0,17.944155982905983
197906,-3.3149829059829066,17.752499999999998,-0.7275170940170903,13.71,1.0,17.024982905982906
197907,-3.7253782051282047,17.781666666666666,-1.1862884615384623,12.87,1.0,16.595378205128203
197908,-1.4914679487179485,17.76083333333333,2.6206346153846187,18.89,1.0,20.381467948717948
197909,0.27297435897436007,17.784166666666664,-0.8771410256410244,17.18,1.0,16.90702564102564
197910,1.1816794871794885,17.8975,0.9808205128205094,20.06,1.0,18.878320512820512
197911,2.0057115384615405,18.021250000000002,-0.7469615384615413,19.28,1.0,17.27428846153846
197912,1.8649551282051302,18.096249999999998,0.11879487179487036,20.08,1.0,18.215044871794866
198001,2.354594017094016,18.166249999999998,-1.0708440170940148,19.45,1.0,17.095405982905984
198002,1.6117606837606826,18.14458333333333,-0.6063440170940138,19.15,1.0,17.538239316239316
198003,1.1882350427350417,18.002499999999998,0.9692649572649608,20.16,1.0,18.97176495726496
198004,0.2660747863247852,17.904166666666665,0.7997585470085486,18.97,1.0,18.703925213675213
198005,-2.214155982905984,17.892916666666665,1.5012393162393192,17.18,1.0,19.394155982905986
198006,-3.3149829059829066,17.91208333333333,-0.5371004273504245,14.06,1.0,17.374982905982908
198007,-3.7253782051282047,17.97833333333333,-0.05295512820512771,14.2,1.0,17.925378205128204
198008,-1.4914679487179485,18.084583333333335,0.4468846153846131,17.04,1.0,18.531467948717946
198009,0.27297435897436007,18.107083333333332,-2.7600576923076927,15.62,1.0,15.347025641025638
198010,1.1816794871794885,18.067083333333333,0.011237179487180393,19.26,1.0,18.078320512820515
198011,2.0057115384615405,18.074166666666667,-0.2698782051282085,19.81,1.0,17.80428846153846
198012,1.8649551282051302,18.059583333333332,0.08546153846153892,20.01,1.0,18.145044871794873
198101,2.354594017094016,17.92,0.8354059829059817,21.11,1.0,18.755405982905984
198102,1.6117606837606826,17.82208333333333,0.6061559829059848,20.04,1.0,18.428239316239317
198103,1.1882350427350417,17.890833333333333,0.7309316239316239,19.81,1.0,18.621764957264958
198104,0.2660747863247852,17.878749999999997,0.21517521367521764,18.36,1.0,18.093925213675213
198105,-2.214155982905984,17.829166666666666,2.344989316239319,17.96,1.0,20.174155982905987
198106,-3.3149829059829066,17.820833333333333,-1.5758504273504266,12.93,1.0,16.244982905982905
198107,-3.7253782051282047,17.732499999999995,-2.0271217948717895,11.98,1.0,15.705378205128206
198108,-1.4914679487179485,17.666666666666664,0.7348012820512844,16.91,1.0,18.401467948717947
198109,0.27297435897436007,17.597499999999997,-0.4704743589743581,17.4,1.0,17.12702564102564
198110,1.1816794871794885,17.519166666666667,-1.5108461538461542,17.19,1.0,16.008320512820514
198111,2.0057115384615405,17.382916666666667,1.3013717948717942,20.69,1.0,18.68428846153846
198112,1.8649551282051302,17.384166666666665,-0.3191217948717959,18.93,1.0,17.065044871794868
198201,2.354594017094016,17.66,0.055405982905984086,20.07,1.0,17.715405982905985
198202,1.6117606837606826,17.86708333333333,0.021155982905987525,19.5,1.0,17.888239316239318
198203,1.1882350427350417,17.959583333333335,-0.45781837606837494,18.69,1.0,17.50176495726496
198204,0.2660747863247852,18.091666666666665,-0.7577414529914488,17.6,1.0,17.333925213675215
198205,-2.214155982905984,18.170416666666668,-0.5062606837606847,15.45,1.0,17.66415598290598
198206,-3.3149829059829066,18.181666666666665,0.6033162393162423,15.47,1.0,18.784982905982908
198207,-3.7253782051282047,18.22416666666667,1.5612115384615346,16.06,1.0,19.785378205128204
198208,-1.4914679487179485,18.267916666666665,1.0235512820512846,17.8,1.0,19.291467948717948
198209,0.27297435897436007,18.262083333333333,0.19494230769230736,18.73,1.0,18.45702564102564
198210,1.1816794871794885,18.32875,-0.48042948717948675,19.03,1.0,17.848320512820514
198211,2.0057115384615405,18.53833333333333,0.1959551282051275,20.74,1.0,18.73428846153846
198212,1.8649551282051302,18.583333333333336,-1.2982884615384673,19.15,1.0,17.285044871794867
198301,2.354594017094016,18.50458333333333,0.010822649572655774,20.87,1.0,18.515405982905985
198302,1.6117606837606826,18.414166666666667,-0.27592735042734917,19.75,1.0,18.138239316239318
198303,1.1882350427350417,18.24125,-1.1294850427350418,18.3,1.0,17.11176495726496
198304,0.2660747863247852,18.120416666666664,1.203508547008551,19.59,1.0,19.323925213675214
198305,-2.214155982905984,18.0075,2.696655982905982,18.49,1.0,20.70415598290598
198306,-3.3149829059829066,17.942499999999995,-1.117517094017089,13.51,1.0,16.824982905982907
198307,-3.7253782051282047,17.945833333333333,1.9095448717948709,16.13,1.0,19.855378205128204
198308,-1.4914679487179485,17.971666666666664,-0.920198717948715,15.56,1.0,17.05146794871795
198309,0.27297435897436007,18.059583333333332,-1.5125576923076922,16.82,1.0,16.54702564102564
198310,1.1816794871794885,18.030416666666667,-1.1720961538461567,18.04,1.0,16.858320512820512
198311,2.0057115384615405,17.908749999999998,-0.8944615384615386,19.02,1.0,17.01428846153846
198312,1.8649551282051302,17.966666666666665,-0.5216217948717965,19.31,1.0,17.44504487179487
198401,2.354594017094016,18.058333333333334,0.3770726495726495,20.79,1.0,18.435405982905984
198402,1.6117606837606826,18.014166666666668,0.8240726495726487,20.45,1.0,18.838239316239317
198403,1.1882350427350417,17.9975,0.5242649572649605,19.71,1.0,18.52176495726496
198404,0.2660747863247852,18.149583333333332,-0.9356581196581171,17.48,1.0,17.213925213675214
198405,-2.214155982905984,18.350833333333334,1.5433226495726498,17.68,1.0,19.894155982905986
198406,-3.3149829059829066,18.416666666666664,0.6083162393162431,15.71,1.0,19.024982905982906
198407,-3.7253782051282047,18.382916666666667,1.4724615384615372,16.13,1.0,19.855378205128204
198408,-1.4914679487179485,18.3575,-2.366032051282053,14.5,1.0,15.991467948717949
198409,0.27297435897436007,18.335833333333333,-1.128807692307693,17.48,1.0,17.20702564102564
198410,1.1816794871794885,18.376666666666665,1.4716538461538475,21.03,1.0,19.848320512820514
198411,2.0057115384615405,18.40208333333333,0.4522051282051289,20.86,1.0,18.85428846153846
198412,1.8649551282051302,18.27,-1.084955128205129,19.05,1.0,17.185044871794872
198501,2.354594017094016,18.06666666666667,-0.1812606837606876,20.24,1.0,17.885405982905983
198502,1.6117606837606826,18.048333333333332,0.729905982905986,20.39,1.0,18.77823931623932
198503,1.1882350427350417,18.194583333333334,-0.13281837606837565,19.25,1.0,18.06176495726496
198504,0.2660747863247852,18.2175,0.43642521367521536,18.92,1.0,18.653925213675215
198505,-2.214155982905984,18.196666666666665,0.86748931623932,16.85,1.0,19.064155982905987
198506,-3.3149829059829066,18.298333333333332,-1.6133504273504262,13.37,1.0,16.684982905982906
198507,-3.7253782051282047,18.398333333333333,-1.0829551282051288,13.59,1.0,17.315378205128205
198508,-1.4914679487179485,18.366666666666667,-0.2751987179487172,16.6,1.0,18.09146794871795
198509,0.27297435897436007,18.316666666666666,0.3003589743589741,18.89,1.0,18.61702564102564
198510,1.1816794871794885,18.364166666666666,0.6241538461538474,20.17,1.0,18.988320512820515
198511,2.0057115384615405,18.45083333333333,0.7634551282051301,21.22,1.0,19.21428846153846
198512,1.8649551282051302,18.576666666666664,0.6883782051282044,21.13,1.0,19.26504487179487
198601,2.354594017094016,18.70208333333333,-0.49667735042734806,20.56,1.0,18.205405982905983
198602,1.6117606837606826,18.763749999999998,-1.065510683760682,19.31,1.0,17.698239316239317
198603,1.1882350427350417,18.73708333333333,-0.7953183760683735,19.13,1.0,17.941764957264958
198604,0.2660747863247852,18.61,1.303925213675215,20.18,1.0,19.913925213675213
198605,-2.214155982905984,18.569166666666664,1.3149893162393216,17.67,1.0,19.884155982905988
198606,-3.3149829059829066,18.552916666666665,0.33206623931624213,15.57,1.0,18.884982905982906
198607,-3.7253782051282047,18.53875,-0.4133717948717952,14.4,1.0,18.125378205128204
198608,-1.4914679487179485,18.540416666666665,0.22105128205128266,17.27,1.0,18.761467948717947
198609,0.27297435897436007,18.475833333333334,-1.1688076923076958,17.58,1.0,17.30702564102564
198610,1.1816794871794885,18.415,-1.1666794871794879,18.43,1.0,17.248320512820513
198611,2.0057115384615405,18.253749999999997,1.7205384615384633,21.98,1.0,19.97428846153846
198612,1.8649551282051302,18.024166666666666,0.09087820512820421,19.98,1.0,18.115044871794872
198701,2.354594017094016,18.005000000000003,1.0104059829059824,21.37,1.0,19.015405982905985
198702,1.6117606837606826,17.99,-1.061760683760682,18.54,1.0,16.928239316239317
198703,1.1882350427350417,17.840416666666666,-0.6786517094017064,18.35,1.0,17.16176495726496
198704,0.2660747863247852,17.79875,1.4351752136752165,19.5,1.0,19.233925213675214
198705,-2.214155982905984,17.777916666666666,-1.0837606837606817,14.48,1.0,16.694155982905983
198706,-3.3149829059829066,17.711666666666666,-1.1466837606837594,13.25,1.0,16.564982905982905
198707,-3.7253782051282047,17.670833333333334,2.314544871794872,16.26,1.0,19.985378205128207
198708,-1.4914679487179485,17.669583333333335,-1.1281153846153862,15.05,1.0,16.541467948717948
198709,0.27297435897436007,17.7325,-1.795474358974361,16.21,1.0,15.937025641025642
198710,1.1816794871794885,17.77125,-0.15292948717948618,18.8,1.0,17.618320512820514
198711,2.0057115384615405,17.76083333333333,1.3434551282051284,21.11,1.0,19.10428846153846
198712,1.8649551282051302,17.794583333333332,-0.3995384615384605,19.26,1.0,17.395044871794873
198801,2.354594017094016,17.649166666666666,1.1062393162393174,21.11,1.0,18.755405982905984
198802,1.6117606837606826,17.59916666666666,-0.44092735042734477,18.77,1.0,17.158239316239317
198803,1.1882350427350417,17.85333333333333,0.5884316239316256,19.63,1.0,18.441764957264958
198804,0.2660747863247852,17.966250000000002,0.9176752136752111,19.15,1.0,18.883925213675212
198805,-2.214155982905984,17.915416666666665,-1.1212606837606813,14.58,1.0,16.794155982905984
198806,-3.3149829059829066,17.932916666666667,-0.6579337606837599,13.96,1.0,17.274982905982906
198807,-3.7253782051282047,17.907083333333333,-2.1217051282051274,12.06,1.0,15.785378205128206
198808,-1.4914679487179485,17.83416666666667,1.707301282051281,18.05,1.0,19.541467948717948
198809,0.27297435897436007,17.809166666666666,1.2278589743589725,19.31,1.0,19.03702564102564
198810,1.1816794871794885,17.774166666666666,-0.5458461538461543,18.41,1.0,17.228320512820513
198811,2.0057115384615405,17.8125,0.46178846153846065,20.28,1.0,18.27428846153846
198812,1.8649551282051302,17.892916666666665,0.7521282051282068,20.51,1.0,18.645044871794873
198901,2.354594017094016,17.97083333333333,-1.085427350427349,19.24,1.0,16.885405982905983
198902,1.6117606837606826,17.907083333333333,-0.6288440170940146,18.89,1.0,17.27823931623932
198903,1.1882350427350417,17.69833333333333,0.0234316239316279,18.91,1.0,17.72176495726496
198904,0.2660747863247852,17.587916666666665,1.176008547008551,19.03,1.0,18.763925213675215
198905,-2.214155982905984,17.570833333333333,0.2633226495726504,15.62,1.0,17.834155982905983
198906,-3.3149829059829066,17.54375,0.6212329059829069,14.85,1.0,18.164982905982907
198907,-3.7253782051282047,17.572916666666664,-0.8075384615384604,13.04,1.0,16.765378205128204
198908,-1.4914679487179485,17.670416666666664,-0.6389487179487168,15.54,1.0,17.031467948717946
198909,0.27297435897436007,17.774583333333332,-1.2375576923076936,16.81,1.0,16.53702564102564
198910,1.1816794871794885,17.89125,-0.8129294871794863,18.26,1.0,17.078320512820515
198911,2.0057115384615405,17.9275,0.08678846153846065,20.02,1.0,18.01428846153846
198912,1.8649551282051302,17.86958333333333,0.38546153846153963,20.12,1.0,18.255044871794873
199001,2.354594017094016,17.784166666666664,0.19123931623931822,20.33,1.0,17.975405982905983
199002,1.6117606837606826,17.77875,0.7494893162393192,20.14,1.0,18.52823931623932
199003,1.1882350427350417,17.81375,1.1580149572649596,20.16,1.0,18.97176495726496
199004,0.2660747863247852,17.888749999999998,2.4251752136752147,20.58,1.0,20.313925213675212
199005,-2.214155982905984,18.043749999999996,-0.8895940170940122,14.94,1.0,17.154155982905984
199006,-3.3149829059829066,18.134999999999998,-0.6800170940170909,14.14,1.0,17.454982905982906
199007,-3.7253782051282047,18.183333333333334,-2.7579551282051296,11.7,1.0,15.425378205128204
199008,-1.4914679487179485,18.157916666666665,0.08355128205128337,16.75,1.0,18.241467948717947
199009,0.27297435897436007,18.08375,-1.9167243589743572,16.44,1.0,16.167025641025642
199010,1.1816794871794885,17.97208333333333,1.276237179487181,20.43,1.0,19.248320512820513
199011,2.0057115384615405,17.947916666666664,1.6163717948717955,21.57,1.0,19.56428846153846
199012,1.8649551282051302,18.054166666666667,0.8408782051282042,20.76,1.0,18.895044871794873
199101,2.354594017094016,18.209583333333335,0.2858226495726508,20.85,1.0,18.495405982905986
199102,1.6117606837606826,18.32208333333333,-0.9238440170940128,19.01,1.0,17.39823931623932
199103,1.1882350427350417,18.451666666666668,-0.1299017094017081,19.51,1.0,18.32176495726496
199104,0.2660747863247852,18.506666666666664,-0.22274145299144865,18.55,1.0,18.283925213675214
199105,-2.214155982905984,18.38041666666667,0.22373931623931576,16.39,1.0,18.604155982905986
199106,-3.3149829059829066,18.312083333333334,0.24289957264957307,15.24,1.0,18.554982905982907
199107,-3.7253782051282047,18.299166666666668,-0.24378846153846334,14.33,1.0,18.055378205128203
199108,-1.4914679487179485,18.346250000000005,-0.034782051282056026,16.82,1.0,18.311467948717947
199109,0.27297435897436007,18.36125,0.8457756410256421,19.48,1.0,19.20702564102564
199110,1.1816794871794885,18.277916666666666,-0.7495961538461537,18.71,1.0,17.528320512820514
199111,2.0057115384615405,18.25,0.004288461538461075,20.26,1.0,18.25428846153846
199112,1.8649551282051302,18.3575,0.2075448717948678,20.43,1.0,18.565044871794868
199201,2.354594017094016,18.3125,0.20290598290598494,20.87,1.0,18.515405982905985
199202,1.6117606837606826,18.126666666666665,0.38157264957265324,20.12,1.0,18.50823931623932
199203,1.1882350427350417,17.951666666666668,-0.3799017094017081,18.76,1.0,17.57176495726496
199204,0.2660747863247852,17.8575,-0.8235747863247862,17.3,1.0,17.033925213675214
199205,-2.214155982905984,17.852083333333333,1.33207264957265,16.97,1.0,19.184155982905985
199206,-3.3149829059829066,17.815416666666664,2.739566239316241,17.24,1.0,20.554982905982904
199207,-3.7253782051282047,17.80333333333333,-2.8279551282051263,11.25,1.0,14.975378205128205
199208,-1.4914679487179485,17.752916666666664,-0.821448717948716,15.44,1.0,16.93146794871795
199209,0.27297435897436007,17.755833333333335,-1.368807692307695,16.66,1.0,16.38702564102564
199210,1.1816794871794885,17.877916666666664,0.2104038461538471,19.27,1.0,18.088320512820513
199211,2.0057115384615405,17.884999999999998,-0.3207115384615382,19.57,1.0,17.56428846153846
199212,1.8649551282051302,17.70708333333333,0.6679615384615385,20.24,1.0,18.37504487179487
199301,2.354594017094016,17.671666666666667,0.7437393162393167,20.77,1.0,18.415405982905984
199302,1.6117606837606826,17.72083333333333,-0.3225940170940125,19.01,1.0,17.39823931623932
199303,1.1882350427350417,17.724583333333335,1.0271816239316245,19.94,1.0,18.75176495726496
199304,0.2660747863247852,17.782916666666665,1.0010085470085504,19.05,1.0,18.783925213675214
199305,-2.214155982905984,17.85,-0.24584401709401682,15.39,1.0,17.604155982905986
199306,-3.3149829059829066,17.890416666666667,-0.025433760683759576,14.55,1.0,17.864982905982906
199307,-3.7253782051282047,17.86,-1.0446217948717949,13.09,1.0,16.815378205128205
199308,-1.4914679487179485,17.879583333333336,-1.6081153846153884,14.78,1.0,16.271467948717948
199309,0.27297435897436007,17.875416666666666,-0.7383910256410262,17.41,1.0,17.13702564102564
199310,1.1816794871794885,17.81875,0.9195705128205118,19.92,1.0,18.738320512820515
199311,2.0057115384615405,17.966666666666665,0.5576217948717956,20.53,1.0,18.52428846153846
199312,1.8649551282051302,18.222916666666666,0.16212820512820336,20.25,1.0,18.385044871794868
199401,2.354594017094016,18.403333333333332,-0.7279273504273474,20.03,1.0,17.675405982905986
199402,1.6117606837606826,18.595416666666665,0.012822649572651112,20.22,1.0,18.608239316239317
199403,1.1882350427350417,18.764583333333334,-1.322818376068377,18.63,1.0,17.441764957264958
199404,0.2660747863247852,18.850833333333334,-0.1169081196581192,19.0,1.0,18.733925213675214
199405,-2.214155982905984,18.86,2.344155982905983,18.99,1.0,21.20415598290598
199406,-3.3149829059829066,18.84875,1.566232905982909,17.1,1.0,20.414982905982907
199407,-3.7253782051282047,18.892916666666665,-0.29753846153846064,14.87,1.0,18.595378205128203
199408,-1.4914679487179485,18.9,0.20146794871794937,17.61,1.0,19.101467948717946
199409,0.27297435897436007,18.9175,-0.5504743589743599,18.64,1.0,18.36702564102564
199410,1.1816794871794885,18.85,0.7283205128205117,20.76,1.0,19.578320512820515
199411,2.0057115384615405,18.602083333333333,-0.6977948717948732,19.91,1.0,17.90428846153846
199412,1.8649551282051302,18.414166666666667,0.32087820512820464,20.6,1.0,18.73504487179487
199501,2.354594017094016,18.448333333333334,-0.06292735042735176,20.74,1.0,18.385405982905983
199502,1.6117606837606826,18.543750000000003,-0.4755106837606857,19.68,1.0,18.068239316239318
199503,1.1882350427350417,18.57125,-0.16948504273504095,19.59,1.0,18.40176495726496
199504,0.2660747863247852,18.48125,-2.327324786324783,16.42,1.0,16.153925213675215
199505,-2.214155982905984,18.375416666666666,-0.541260683760683,15.62,1.0,17.834155982905983
199506,-3.3149829059829066,18.320833333333333,0.9541495726495746,15.96,1.0,19.274982905982906
199507,-3.7253782051282047,18.267083333333332,2.288294871794871,16.83,1.0,20.555378205128203
199508,-1.4914679487179485,18.275,1.1564679487179512,17.94,1.0,19.43146794871795
199509,0.27297435897436007,18.248333333333335,0.44869230769230395,18.97,1.0,18.69702564102564
199510,1.1816794871794885,18.314999999999998,-1.2266794871794866,18.27,1.0,17.088320512820513
199511,2.0057115384615405,18.469166666666666,-0.6148782051282073,19.86,1.0,17.85428846153846
199512,1.8649551282051302,18.397916666666667,-0.9228717948717975,19.34,1.0,17.47504487179487
199601,2.354594017094016,18.11208333333333,0.24332264957265393,20.71,1.0,18.355405982905985
199602,1.6117606837606826,17.933333333333334,0.3549059829059824,19.9,1.0,18.288239316239316
199603,1.1882350427350417,17.855416666666663,-0.3136517094017044,18.73,1.0,17.54176495726496
199604,0.2660747863247852,17.82,0.7939252136752135,18.88,1.0,18.613925213675213
199605,-2.214155982905984,17.860416666666666,1.2137393162393177,16.86,1.0,19.074155982905985
199606,-3.3149829059829066,17.929583333333333,-1.604600427350427,13.01,1.0,16.324982905982907
199607,-3.7253782051282047,17.98125,-1.3358717948717946,12.92,1.0,16.645378205128203
199608,-1.4914679487179485,17.990416666666665,1.0610512820512825,17.56,1.0,19.051467948717946
199609,0.27297435897436007,18.009999999999998,-0.8029743589743576,17.48,1.0,17.20702564102564
199610,1.1816794871794885,17.9525,-0.22417948717948888,18.91,1.0,17.728320512820513
199611,2.0057115384615405,17.871250000000003,0.3130384615384574,20.19,1.0,18.18428846153846
199612,1.8649551282051302,17.937083333333334,0.8679615384615378,20.67,1.0,18.80504487179487
199701,2.354594017094016,18.153333333333332,0.1120726495726525,20.62,1.0,18.265405982905985
199702,1.6117606837606826,18.270416666666662,0.32782264957265594,20.21,1.0,18.59823931623932
199703,1.1882350427350417,18.355416666666667,-0.6536517094017078,18.89,1.0,17.70176495726496
199704,0.2660747863247852,18.530833333333334,-1.456908119658119,17.34,1.0,17.073925213675214
199705,-2.214155982905984,18.679583333333333,-0.015427350427350106,16.45,1.0,18.66415598290598
199706,-3.3149829059829066,18.76125,-0.44626709401709386,15.0,1.0,18.314982905982905
199707,-3.7253782051282047,18.83625,1.009128205128206,16.12,1.0,19.845378205128206
199708,-1.4914679487179485,18.922916666666666,-0.2614487179487155,17.17,1.0,18.66146794871795
199709,0.27297435897436007,18.984166666666667,0.6528589743589732,19.91,1.0,19.63702564102564
199710,1.1816794871794885,19.102916666666665,0.4054038461538474,20.69,1.0,19.508320512820514
199711,2.0057115384615405,19.130416666666665,0.8438717948717946,21.98,1.0,19.97428846153846
199712,1.8649551282051302,19.064999999999998,-0.08995512820512808,20.84,1.0,18.97504487179487
199801,2.354594017094016,19.07875,0.8166559829059845,22.25,1.0,19.895405982905984
199802,1.6117606837606826,19.129166666666663,-0.08092735042734533,20.66,1.0,19.048239316239318
199803,1.1882350427350417,19.04083333333333,-0.31906837606837324,19.91,1.0,18.72176495726496
199804,0.2660747863247852,18.859583333333333,0.044341880341883355,19.17,1.0,18.903925213675215
199805,-2.214155982905984,18.72083333333333,-1.226677350427348,15.28,1.0,17.494155982905983
199806,-3.3149829059829066,18.618333333333332,-0.7033504273504261,14.6,1.0,17.914982905982907
199807,-3.7253782051282047,18.526666666666664,2.0487115384615424,16.85,1.0,20.575378205128207
199808,-1.4914679487179485,18.471666666666664,0.6698012820512831,17.65,1.0,19.141467948717946
199809,0.27297435897436007,18.50208333333333,-1.4650576923076928,17.31,1.0,17.03702564102564
199810,1.1816794871794885,18.5125,-0.7541794871794865,18.94,1.0,17.758320512820514
199811,2.0057115384615405,18.507083333333334,-0.1127948717948759,20.4,1.0,18.39428846153846
199812,1.8649551282051302,18.53,-0.4349551282051305,19.96,1.0,18.09504487179487
199901,2.354594017094016,18.489583333333332,0.08582264957265151,20.93,1.0,18.575405982905984
199902,1.6117606837606826,18.402500000000003,0.6457393162393141,20.66,1.0,19.048239316239318
199903,1.1882350427350417,18.476666666666667,0.9750982905982923,20.64,1.0,19.45176495726496
199904,0.2660747863247852,18.624166666666667,-0.20024145299145135,18.69,1.0,18.423925213675215
199905,-2.214155982905984,18.62375,-0.7795940170940163,15.63,1.0,17.844155982905985
199906,-3.3149829059829066,18.61,-0.49501709401709215,14.8,1.0,18.114982905982906
199907,-3.7253782051282047,18.658749999999998,0.7466282051282067,15.68,1.0,19.405378205128205
199908,-1.4914679487179485,18.660833333333333,-0.43936538461538377,16.73,1.0,18.221467948717947
199909,0.27297435897436007,18.57333333333333,1.163692307692311,20.01,1.0,19.737025641025642
199910,1.1816794871794885,18.53625,0.06207051282051368,19.78,1.0,18.598320512820514
199911,2.0057115384615405,18.583750000000002,-1.0394615384615418,19.55,1.0,17.54428846153846
199912,1.8649551282051302,18.683333333333334,-0.06828846153846335,20.48,1.0,18.615044871794872
200001,2.354594017094016,18.584583333333335,0.6408226495726477,21.58,1.0,19.225405982905983
200002,1.6117606837606826,18.444583333333334,0.0036559829059821247,20.06,1.0,18.448239316239317
200003,1.1882350427350417,18.389583333333334,-0.43781837606837537,19.14,1.0,17.95176495726496
200004,0.2660747863247852,18.3475,0.6864252136752154,19.3,1.0,19.033925213675214
200005,-2.214155982905984,18.424166666666665,-0.05001068376068041,16.16,1.0,18.374155982905982
200006,-3.3149829059829066,18.424166666666665,1.5508162393162421,16.66,1.0,19.974982905982905
200007,-3.7253782051282047,18.39125,-3.2158717948717954,11.45,1.0,15.175378205128204
200008,-1.4914679487179485,18.405416666666667,0.6860512820512825,17.6,1.0,19.09146794871795
200009,0.27297435897436007,18.475833333333334,-0.9288076923076938,17.82,1.0,17.54702564102564
200010,1.1816794871794885,18.566249999999997,1.2120705128205158,20.96,1.0,19.778320512820514
200011,2.0057115384615405,18.572499999999998,-0.36821153846153765,20.21,1.0,18.20428846153846
200012,1.8649551282051302,18.44125,-0.48620512820513007,19.82,1.0,17.95504487179487
200101,2.354594017094016,18.535833333333333,0.5595726495726505,21.45,1.0,19.095405982905984
200102,1.6117606837606826,18.7825,0.13573931623931967,20.53,1.0,18.91823931623932
200103,1.1882350427350417,18.92458333333333,0.2471816239316269,20.36,1.0,19.17176495726496
200104,0.2660747863247852,18.9625,1.0214252136752162,20.25,1.0,19.983925213675214
200105,-2.214155982905984,18.9425,-1.3683440170940155,15.36,1.0,17.574155982905985
200106,-3.3149829059829066,18.9575,-1.3325170940170925,14.31,1.0,17.624982905982908
200107,-3.7253782051282047,18.910416666666666,0.8849615384615386,16.07,1.0,19.795378205128205
200108,-1.4914679487179485,18.844583333333333,1.5468846153846145,18.9,1.0,20.391467948717946
200109,0.27297435897436007,18.855416666666663,0.8016089743589765,19.93,1.0,19.65702564102564
200110,1.1816794871794885,18.960833333333333,-0.3825128205128203,19.76,1.0,18.578320512820515
200111,2.0057115384615405,19.14458333333333,-0.2202948717948705,20.93,1.0,18.92428846153846
200112,1.8649551282051302,19.371249999999996,-1.7762051282051257,19.46,1.0,17.59504487179487
200201,2.354594017094016,19.449166666666663,-1.1237606837606795,20.68,1.0,18.325405982905984
200202,1.6117606837606826,19.405416666666664,-1.2971773504273476,19.72,1.0,18.108239316239317
200203,1.1882350427350417,19.33,0.9117649572649598,21.43,1.0,20.24176495726496
200204,0.2660747863247852,19.364999999999995,2.0789252136752205,21.71,1.0,21.443925213675215
200205,-2.214155982905984,19.46583333333333,1.0583226495726539,18.31,1.0,20.52415598290598
200206,-3.3149829059829066,19.56791666666666,0.5470662393162455,16.8,1.0,20.114982905982906
200207,-3.7253782051282047,19.676249999999996,-0.500871794871792,15.45,1.0,19.175378205128204
200208,-1.4914679487179485,19.716666666666665,0.24480128205128238,18.47,1.0,19.961467948717946
200209,0.27297435897436007,19.693333333333335,-1.4163076923076945,18.55,1.0,18.27702564102564
200210,1.1816794871794885,19.491666666666667,1.3066538461538448,21.98,1.0,20.798320512820514
200211,2.0057115384615405,19.224166666666665,-0.09987820512820678,21.13,1.0,19.12428846153846
200212,1.8649551282051302,19.124166666666667,0.7208782051282032,21.71,1.0,19.84504487179487
200301,2.354594017094016,19.106666666666666,-0.4312606837606805,21.03,1.0,18.675405982905986
200302,1.6117606837606826,18.917916666666667,-0.18967735042734946,20.34,1.0,18.728239316239318
200303,1.1882350427350417,18.755833333333335,0.3059316239316232,20.25,1.0,19.06176495726496
200304,0.2660747863247852,18.645833333333336,-0.8619081196581202,18.05,1.0,17.783925213675214
200305,-2.214155982905984,18.5075,-0.7433440170940155,15.55,1.0,17.764155982905983
200306,-3.3149829059829066,18.447499999999998,2.0274829059829087,17.16,1.0,20.474982905982905
200307,-3.7253782051282047,18.423333333333332,-0.027955128205127355,14.67,1.0,18.395378205128203
200308,-1.4914679487179485,18.39625,-2.184782051282049,14.72,1.0,16.21146794871795
200309,0.27297435897436007,18.337916666666665,-0.2008910256410248,18.41,1.0,18.13702564102564
200310,1.1816794871794885,18.393749999999997,-0.09542948717948518,19.48,1.0,18.298320512820514
200311,2.0057115384615405,18.403750000000002,-0.09946153846154404,20.31,1.0,18.30428846153846
200312,1.8649551282051302,18.240416666666665,0.9846282051282049,21.09,1.0,19.22504487179487
200401,2.354594017094016,18.138749999999998,0.5766559829059861,21.07,1.0,18.715405982905985
200402,1.6117606837606826,18.20708333333333,-0.16884401709401375,19.65,1.0,18.038239316239316
200403,1.1882350427350417,18.349583333333335,0.0021816239316223562,19.54,1.0,18.351764957264958
200404,0.2660747863247852,18.395833333333332,1.438091880341884,20.1,1.0,19.833925213675215
200405,-2.214155982905984,18.374583333333334,-2.4204273504273495,13.74,1.0,15.954155982905984
200406,-3.3149829059829066,18.3375,0.0274829059829087,15.05,1.0,18.364982905982906
200407,-3.7253782051282047,18.27,-0.204621794871795,14.34,1.0,18.065378205128205
200408,-1.4914679487179485,18.247083333333332,-0.06561538461538263,16.69,1.0,18.18146794871795
200409,0.27297435897436007,18.272083333333335,1.3149423076923048,19.86,1.0,19.58702564102564
200410,1.1816794871794885,18.258333333333333,-0.30001282051282074,19.14,1.0,17.958320512820514
200411,2.0057115384615405,18.40083333333333,-0.2665448717948711,20.14,1.0,18.13428846153846
200412,1.8649551282051302,18.65,-0.1449551282051278,20.37,1.0,18.505044871794873
200501,2.354594017094016,18.7125,-0.8970940170940129,20.17,1.0,17.815405982905986
200502,1.6117606837606826,18.735,-0.34676068376068203,20.0,1.0,18.388239316239318
200503,1.1882350427350417,18.609166666666667,-0.0074017094017093665,19.79,1.0,18.601764957264958
200504,0.2660747863247852,18.452916666666667,0.8010085470085475,19.52,1.0,19.253925213675213
200505,-2.214155982905984,18.46666666666667,1.487489316239314,17.74,1.0,19.95415598290598
200506,-3.3149829059829066,18.438333333333333,1.9066495726495751,17.03,1.0,20.344982905982906
200507,-3.7253782051282047,18.44458333333333,-0.8592051282051263,13.86,1.0,17.585378205128205
200508,-1.4914679487179485,18.459166666666665,0.7423012820512846,17.71,1.0,19.201467948717948
200509,0.27297435897436007,18.453333333333333,-2.906307692307693,15.82,1.0,15.547025641025641
200510,1.1816794871794885,18.428749999999997,-0.18042948717948604,19.43,1.0,18.248320512820513
200511,2.0057115384615405,18.247916666666665,-0.07362820512820578,20.18,1.0,18.17428846153846
200512,1.8649551282051302,18.0425,-0.25745512820513206,19.65,1.0,17.785044871794867
200601,2.354594017094016,18.06083333333333,0.6245726495726518,21.04,1.0,18.685405982905984
200602,1.6117606837606826,18.11875,-0.25051068376068075,19.48,1.0,17.86823931623932
200603,1.1882350427350417,18.175833333333333,0.8059316239316268,20.17,1.0,18.98176495726496
200604,0.2660747863247852,18.301666666666666,-0.017741452991450357,18.55,1.0,18.283925213675214
200605,-2.214155982905984,18.3725,-1.7883440170940155,14.37,1.0,16.584155982905983
200606,-3.3149829059829066,18.449166666666663,0.33581623931624405,15.47,1.0,18.784982905982908
200607,-3.7253782051282047,18.498333333333335,1.0870448717948693,15.86,1.0,19.585378205128205
200608,-1.4914679487179485,18.522916666666667,0.0685512820512828,17.1,1.0,18.59146794871795
200609,0.27297435897436007,18.548333333333332,-1.0213076923076914,17.8,1.0,17.52702564102564
200610,1.1816794871794885,18.61625,0.6720705128205096,20.47,1.0,19.288320512820512
200611,2.0057115384615405,18.72,0.1142884615384605,20.84,1.0,18.83428846153846
200612,1.8649551282051302,18.76833333333333,0.19671153846153722,20.83,1.0,18.965044871794866
200701,2.354594017094016,18.66875,0.0166559829059838,21.04,1.0,18.685405982905984
200702,1.6117606837606826,18.504583333333333,-0.04634401709401503,20.07,1.0,18.458239316239318
200703,1.1882350427350417,18.6025,0.3992649572649605,20.19,1.0,19.00176495726496
200704,0.2660747863247852,18.754166666666666,1.1397585470085485,20.16,1.0,19.893925213675214
200705,-2.214155982905984,18.731666666666666,-1.2675106837606815,15.25,1.0,17.464155982905986
200706,-3.3149829059829066,18.683333333333334,0.381649572649573,15.75,1.0,19.064982905982905
200707,-3.7253782051282047,18.63458333333333,-1.7192051282051275,13.19,1.0,16.915378205128203
200708,-1.4914679487179485,18.587083333333332,-1.2656153846153837,15.83,1.0,17.32146794871795
200709,0.27297435897436007,18.524583333333332,2.6224423076923093,21.42,1.0,21.147025641025643
200710,1.1816794871794885,18.38791666666667,0.9204038461538409,20.49,1.0,19.30832051282051
200711,2.0057115384615405,18.287083333333335,-0.012794871794874485,20.28,1.0,18.27428846153846
200712,1.8649551282051302,18.216666666666665,0.1483782051282052,20.23,1.0,18.365044871794872
200801,2.354594017094016,18.30833333333333,-0.1929273504273472,20.47,1.0,18.115405982905983
200802,1.6117606837606826,18.539166666666667,-0.6509273504273492,19.5,1.0,17.888239316239318
200803,1.1882350427350417,18.424166666666665,-0.3524017094017047,19.26,1.0,18.07176495726496
200804,0.2660747863247852,18.2425,-0.6985747863247862,17.81,1.0,17.543925213675212
200805,-2.214155982905984,18.258333333333333,-0.8641773504273491,15.18,1.0,17.394155982905986
200806,-3.3149829059829066,18.26625,-0.8212670940170921,14.13,1.0,17.444982905982908
200807,-3.7253782051282047,18.232499999999998,2.502878205128208,17.01,1.0,20.735378205128207
200808,-1.4914679487179485,18.225833333333334,0.8156346153846152,17.55,1.0,19.041467948717948
200809,0.27297435897436007,18.305416666666666,-1.6383910256410248,16.94,1.0,16.667025641025642
200810,1.1816794871794885,18.436666666666667,0.9916538461538436,20.61,1.0,19.428320512820513
200811,2.0057115384615405,18.591666666666665,-0.05737820512820635,20.54,1.0,18.53428846153846
200812,1.8649551282051302,18.637916666666666,-0.34287179487179564,20.16,1.0,18.29504487179487
200901,2.354594017094016,18.475833333333334,-1.1004273504273496,19.73,1.0,17.375405982905985
200902,1.6117606837606826,18.337916666666665,0.13032264957265083,20.08,1.0,18.468239316239316
200903,1.1882350427350417,18.38458333333333,1.0171816239316265,20.59,1.0,19.40176495726496
200904,0.2660747863247852,18.394166666666663,0.9697585470085504,19.63,1.0,19.363925213675213
200905,-2.214155982905984,18.452916666666667,0.8412393162393155,17.08,1.0,19.294155982905984
200906,-3.3149829059829066,18.57875,-1.923767094017093,13.34,1.0,16.654982905982905
200907,-3.7253782051282047,18.652499999999996,-1.0171217948717914,13.91,1.0,17.635378205128205
200908,-1.4914679487179485,18.750416666666666,0.08105128205128209,17.34,1.0,18.831467948717947
200909,0.27297435897436007,18.791666666666664,-0.7946410256410248,18.27,1.0,17.99702564102564
200910,1.1816794871794885,18.739583333333332,-0.41126282051281904,19.51,1.0,18.328320512820515
200911,2.0057115384615405,18.593333333333334,2.4509551282051265,23.05,1.0,21.04428846153846
200912,1.8649551282051302,18.604166666666668,0.20087820512820365,20.67,1.0,18.80504487179487
201001,2.354594017094016,18.7275,-0.09209401709401677,20.99,1.0,18.635405982905983
201002,1.6117606837606826,18.697916666666668,0.8603226495726513,21.17,1.0,19.55823931623932
201003,1.1882350427350417,18.686666666666667,0.6150982905982894,20.49,1.0,19.301764957264957
201004,0.2660747863247852,18.676666666666666,-0.46274145299145064,18.48,1.0,18.213925213675214
201005,-2.214155982905984,18.455,-1.5208440170940136,14.72,1.0,16.934155982905985
201006,-3.3149829059829066,18.277083333333334,0.9978995726495739,15.96,1.0,19.274982905982906
201007,-3.7253782051282047,18.2775,-0.30212179487179514,14.25,1.0,17.975378205128205
201008,-1.4914679487179485,18.274583333333332,-0.4931153846153846,16.29,1.0,17.781467948717946
201009,0.27297435897436007,18.226666666666667,0.5503589743589741,19.05,1.0,18.77702564102564
201010,1.1816794871794885,18.2,-0.8916794871794893,18.49,1.0,17.30832051282051
201011,2.0057115384615405,18.275416666666665,-1.5311282051282054,18.75,1.0,16.74428846153846
201012,1.8649551282051302,18.281666666666666,0.5533782051282028,20.7,1.0,18.83504487179487
201101,2.354594017094016,18.284583333333334,0.33082264957264895,20.97,1.0,18.615405982905983
201102,1.6117606837606826,18.36125,1.14698931623932,21.12,1.0,19.50823931623932
201103,1.1882350427350417,18.37833333333333,-0.1765683760683714,19.39,1.0,18.20176495726496
201104,0.2660747863247852,18.429166666666667,0.24475854700854893,18.94,1.0,18.673925213675215
201105,-2.214155982905984,18.554166666666667,-0.2700106837606828,16.07,1.0,18.284155982905986
201106,-3.3149829059829066,18.590416666666666,-0.5154337606837598,14.76,1.0,18.074982905982907
201107,-3.7253782051282047,18.526666666666664,0.7187115384615406,15.52,1.0,19.245378205128205
201108,-1.4914679487179485,18.46333333333333,-0.1118653846153832,16.86,1.0,18.351467948717946
201109,0.27297435897436007,18.422916666666666,0.19410897435897478,18.89,1.0,18.61702564102564
201110,1.1816794871794885,18.408749999999998,0.2795705128205148,19.87,1.0,18.688320512820514
201111,2.0057115384615405,18.418333333333333,-0.054044871794872495,20.37,1.0,18.36428846153846
201112,1.8649551282051302,18.45583333333333,-0.3707884615384618,19.95,1.0,18.08504487179487
201201,2.354594017094016,18.40375,-0.5683440170940135,20.19,1.0,17.835405982905986
201202,1.6117606837606826,18.3975,0.37073931623931555,20.38,1.0,18.768239316239317
201203,1.1882350427350417,18.517916666666665,-0.5461517094017061,19.16,1.0,17.97176495726496
201204,0.2660747863247852,18.63458333333333,-0.07065811965811863,18.83,1.0,18.563925213675212
201205,-2.214155982905984,18.730833333333337,-0.10667735042735238,16.41,1.0,18.624155982905982
201206,-3.3149829059829066,18.831666666666667,-0.19668376068376014,15.32,1.0,18.634982905982906
201207,-3.7253782051282047,18.928333333333335,-1.492955128205129,13.71,1.0,17.435378205128206
201208,-1.4914679487179485,18.9425,1.068967948717949,18.52,1.0,20.011467948717947
201209,0.27297435897436007,18.967083333333335,0.8799423076923061,20.12,1.0,19.847025641025642
201210,1.1816794871794885,18.960833333333333,1.2974871794871794,21.44,1.0,20.258320512820514
201211,2.0057115384615405,18.94833333333333,0.15595512820512836,21.11,1.0,19.10428846153846
201212,1.8649551282051302,19.014583333333334,0.7504615384615345,21.63,1.0,19.76504487179487
201301,2.354594017094016,19.107916666666668,-0.6325106837606858,20.83,1.0,18.475405982905983
201302,1.6117606837606826,19.015416666666667,-0.5471773504273512,20.08,1.0,18.468239316239316
201303,1.1882350427350417,18.807083333333335,0.054681623931624346,20.05,1.0,18.86176495726496
201304,0.2660747863247852,18.655416666666667,-1.1314914529914535,17.79,1.0,17.523925213675213
201305,-2.214155982905984,18.5425,0.8216559829059822,17.15,1.0,19.364155982905984
201306,-3.3149829059829066,18.479999999999997,1.0049829059829114,16.17,1.0,19.484982905982907
201307,-3.7253782051282047,18.437083333333334,0.38829487179487066,15.1,1.0,18.825378205128203
201308,-1.4914679487179485,18.45958333333333,-2.058115384615382,14.91,1.0,16.40146794871795
201309,0.27297435897436007,18.440416666666664,0.016608974358976347,18.73,1.0,18.45702564102564
201310,1.1816794871794885,18.454583333333332,-0.4462628205128192,19.19,1.0,18.008320512820514
201311,2.0057115384615405,18.49,0.15428846153845965,20.65,1.0,18.64428846153846
201312,1.8649551282051302,18.48,0.24504487179486922,20.59,1.0,18.72504487179487
201401,2.354594017094016,18.49041666666667,-0.005010683760684476,20.84,1.0,18.485405982905984
201402,1.6117606837606826,18.633333333333333,0.36490598290598397,20.61,1.0,18.998239316239317
201403,1.1882350427350417,18.880833333333335,-1.009068376068378,19.06,1.0,17.871764957264958
201404,0.2660747863247852,19.099999999999998,-0.24607478632478208,19.12,1.0,18.853925213675215
201405,-2.214155982905984,19.214166666666664,-0.330010683760678,16.67,1.0,18.884155982905988
201406,-3.3149829059829066,19.2125,0.5124829059829081,16.41,1.0,19.724982905982905
201407,-3.7253782051282047,19.245416666666667,-0.41003846153846313,15.11,1.0,18.835378205128205
201408,-1.4914679487179485,19.261249999999997,0.5602179487179499,18.33,1.0,19.821467948717945
201409,0.27297435897436007,19.262916666666662,1.714108974358978,21.25,1.0,20.97702564102564
201410,1.1816794871794885,19.29875,1.449570512820513,21.93,1.0,20.748320512820513
201411,2.0057115384615405,19.340000000000003,-0.6957115384615453,20.65,1.0,18.64428846153846
201412,1.8649551282051302,19.36,-0.6749551282051289,20.55,1.0,18.685044871794872
201501,2.354594017094016,19.37333333333333,-0.05792735042734565,21.67,1.0,19.315405982905986
201502,1.6117606837606826,19.356249999999996,-0.8080106837606782,20.16,1.0,18.548239316239318
201503,1.1882350427350417,19.274583333333332,-0.9128183760683732,19.55,1.0,18.36176495726496
201504,0.2660747863247852,19.170416666666668,0.05350854700854524,19.49,1.0,19.223925213675212
201505,-2.214155982905984,19.125,0.3791559829059832,17.29,1.0,19.504155982905985
201506,-3.3149829059829066,19.169166666666662,0.4158162393162441,16.27,1.0,19.584982905982905
201507,-3.7253782051282047,19.18875,0.10662820512820614,15.57,1.0,19.295378205128205
201508,-1.4914679487179485,19.2125,-0.2610320512820492,17.46,1.0,18.951467948717948
201509,0.27297435897436007,19.228749999999998,0.6582756410256421,20.16,1.0,19.88702564102564
201510,1.1816794871794885,19.24791666666667,0.09040384615384256,20.52,1.0,19.338320512820513
201511,2.0057115384615405,19.190416666666664,-0.22612820512820564,20.97,1.0,18.96428846153846
201512,1.8649551282051302,18.950416666666662,0.4746282051282069,21.29,1.0,19.425044871794867
201601,2.354594017094016,18.782083333333333,0.26332264957264995,21.4,1.0,19.045405982905983
201602,1.6117606837606826,18.7725,0.6157393162393165,21.0,1.0,19.388239316239318
201603,1.1882350427350417,18.692499999999995,-0.7807350427350357,19.1,1.0,17.91176495726496
201604,0.2660747863247852,18.56833333333333,1.5655918803418818,20.4,1.0,20.133925213675212
201605,-2.214155982905984,18.49375,-1.2795940170940145,15.0,1.0,17.214155982905986
201606,-3.3149829059829066,18.403749999999995,-2.288767094017088,12.8,1.0,16.114982905982906
201607,-3.7253782051282047,18.35833333333333,0.367044871794874,15.0,1.0,18.725378205128205
201608,-1.4914679487179485,18.333333333333336,0.9581346153846135,17.8,1.0,19.291467948717948
201609,0.27297435897436007,18.349999999999998,-0.7229743589743594,17.9,1.0,17.62702564102564
201610,1.1816794871794885,18.29583333333333,0.32248717948718153,19.8,1.0,18.618320512820514
201611,2.0057115384615405,18.3125,-0.4182115384615419,19.9,1.0,17.89428846153846
201612,1.8649551282051302,18.53333333333333,-0.19828846153846236,20.2,1.0,18.33504487179487
201701,2.354594017094016,18.65833333333333,0.3870726495726511,21.4,1.0,19.045405982905983
201702,1.6117606837606826,18.71666666666667,0.07157264957264742,20.4,1.0,18.788239316239316
201703,1.1882350427350417,18.879166666666666,0.032598290598293334,20.1,1.0,18.91176495726496
201704,0.2660747863247852,19.004166666666663,-1.1702414529914467,18.1,1.0,17.833925213675215
201705,-2.214155982905984,19.016666666666666,0.8974893162393176,17.7,1.0,19.91415598290598
201706,-3.3149829059829066,19.041666666666664,-0.3266837606837574,15.4,1.0,18.714982905982907
201707,-3.7253782051282047,19.016666666666666,0.10871153846153936,15.4,1.0,19.125378205128204
201708,-1.4914679487179485,18.945833333333333,1.3456346153846164,18.8,1.0,20.291467948717948
201709,0.27297435897436007,18.9,1.627025641025642,20.8,1.0,20.52702564102564
201710,1.1816794871794885,18.979166666666664,-0.26084615384615417,19.9,1.0,18.71832051282051
201711,2.0057115384615405,19.075,-0.9807115384615384,20.1,1.0,18.09428846153846
201712,1.8649551282051302,19.03333333333333,-0.2982884615384602,20.6,1.0,18.73504487179487
201801,2.354594017094016,18.97083333333333,-0.9254273504273489,20.4,1.0,18.045405982905983
201802,1.6117606837606826,18.799999999999997,-0.7117606837606805,19.7,1.0,18.088239316239317
201803,1.1882350427350417,18.5875,-0.07573504273504095,19.7,1.0,18.51176495726496
201804,0.2660747863247852,18.516666666666666,1.6172585470085477,20.4,1.0,20.133925213675212
201805,-2.214155982905984,18.53333333333333,1.3808226495726519,17.7,1.0,19.91415598290598
201806,-3.3149829059829066,18.566666666666666,-0.8516837606837595,14.4,1.0,17.714982905982907
201807,-3.7253782051282047,18.65416666666667,-0.028788461538463483,14.9,1.0,18.625378205128204
201808,-1.4914679487179485,18.770833333333336,-2.0793653846153877,15.2,1.0,16.69146794871795
201809,0.27297435897436007,18.829166666666666,0.19785897435897493,19.3,1.0,19.02702564102564
201810,1.1816794871794885,18.820833333333333,-0.302512820512822,19.7,1.0,18.518320512820512
201811,2.0057115384615405,18.77916666666667,-0.08487820512820976,20.7,1.0,18.69428846153846
201812,1.8649551282051302,18.8875,0.04754487179487121,20.8,1.0,18.935044871794872
201901,2.354594017094016,19.0,0.9454059829059847,22.3,1.0,19.945405982905985
201902,1.6117606837606826,19.083333333333332,-0.09509401709401333,20.6,1.0,18.98823931623932
201903,1.1882350427350417,19.25,-0.23823504273504237,20.2,1.0,19.01176495726496
201904,0.2660747863247852,19.4,0.033925213675215504,19.7,1.0,19.433925213675213
201905,-2.214155982905984,19.525,0.08915598290598403,17.4,1.0,19.614155982905984
201906,-3.3149829059829066,19.554166666666667,1.0608162393162401,17.3,1.0,20.614982905982906
201907,-3.7253782051282047,19.504166666666663,-1.0787884615384589,14.7,1.0,18.425378205128204
201908,-1.4914679487179485,19.4625,-0.5710320512820515,17.4,1.0,18.891467948717946
201909,0.27297435897436007,19.46666666666666,1.36035897435898,21.1,1.0,20.827025641025642
201910,1.1816794871794885,19.42083333333333,0.8974871794871808,21.5,1.0,20.318320512820513
201911,2.0057115384615405,19.241666666666667,0.652621794871791,21.9,1.0,19.89428846153846
201912,1.8649551282051302,19.070833333333333,-0.6357884615384624,20.3,1.0,18.435044871794872
202001,2.354594017094016,19.03333333333333,0.21207264957265393,21.6,1.0,19.245405982905986
202002,1.6117606837606826,19.037499999999998,-0.34926068376067976,20.3,1.0,18.68823931623932
202003,1.1882350427350417,19.04583333333333,0.36593162393162904,20.6,1.0,19.41176495726496
202004,0.2660747863247852,19.0625,-1.128574786324786,18.2,1.0,17.933925213675213
202005,-2.214155982905984,19.020833333333336,-2.206677350427352,14.6,1.0,16.814155982905984
202006,-3.3149829059829066,19.008333333333333,0.3066495726495737,16.0,1.0,19.314982905982905
202007,-3.7253782051282047,18.975,-0.14962179487179705,15.1,1.0,18.825378205128203
202008,-1.4914679487179485,18.883333333333333,-0.2918653846153829,17.1,1.0,18.59146794871795
202009,0.27297435897436007,18.80833333333333,2.5186923076923113,21.6,1.0,21.327025641025642
202010,1.1816794871794885,18.787499999999998,1.4308205128205123,21.4,1.0,20.21832051282051
202011,2.0057115384615405,18.90833333333333,0.08595512820512807,21.0,1.0,18.99428846153846
202012,1.8649551282051302,18.945833333333333,0.08921153846153551,20.9,1.0,19.035044871794867
202101,2.354594017094016,18.80833333333333,-0.9629273504273468,20.2,1.0,17.845405982905984
202102,1.6117606837606826,18.766666666666666,-0.8784273504273483,19.5,1.0,17.888239316239318
202103,1.1882350427350417,18.80833333333333,-0.39656837606837025,19.6,1.0,18.41176495726496
202104,0.2660747863247852,18.741666666666664,-0.3077414529914495,18.7,1.0,18.433925213675213
202105,-2.214155982905984,18.666666666666664,0.5474893162393197,17.0,1.0,19.214155982905986
202106,-3.3149829059829066,18.666666666666664,-0.8516837606837577,14.5,1.0,17.814982905982905
202107,-3.7253782051282047,18.716666666666665,-1.6912884615384596,13.3,1.0,17.025378205128206
202108,-1.4914679487179485,18.820833333333333,0.5706346153846142,17.9,1.0,19.391467948717946
202109,0.27297435897436007,18.879166666666663,2.6478589743589778,21.8,1.0,21.52702564102564
202110,1.1816794871794885,18.891666666666666,-0.47334615384615275,19.6,1.0,18.418320512820515
202111,2.0057115384615405,18.791666666666664,0.2026217948717952,21.0,1.0,18.99428846153846
202112,1.8649551282051302,18.695833333333333,0.3392115384615355,20.9,1.0,19.035044871794867
202201,2.354594017094016,18.858333333333334,0.18707264957264824,21.4,1.0,19.045405982905983
202202,1.6117606837606826,18.90833333333333,0.27990598290598667,20.8,1.0,19.18823931623932
202203,1.1882350427350417,18.616666666666667,-0.10490170940170951,19.7,1.0,18.51176495726496
202204,0.2660747863247852,18.391666666666666,0.24225854700854765,18.9,1.0,18.633925213675212
202205,-2.214155982905984,18.287499999999998,-1.6733440170940135,14.4,1.0,16.614155982905984
202206,-3.3149829059829066,18.204166666666666,-0.08918376068375844,14.8,1.0,18.114982905982906
202207,-3.7253782051282047,17.938194444444377,2.687183760683826,16.9,1.0,20.625378205128204
202208,-1.4914679487179485,17.77361111111101,-0.7821431623930606,15.5,1.0,16.991467948717947
202209,0.27297435897436007,17.609027777777655,-0.6820021367520157,17.2,1.0,16.92702564102564
202210,1.1816794871794885,17.4444444444443,0.1738760683762115,18.8,1.0,17.618320512820514
202211,2.0057115384615405,17.279861111110932,0.014427350427527852,19.3,1.0,17.29428846153846
202212,1.8649551282051302,17.115277777777578,1.619767094017293,20.6,1.0,18.73504487179487
